test_id,run,result
tests/test_retry.py::test_error_handler_resumes_after_crash_multiple_nodes,1,pass
tests/test_retry.py::test_error_handler_resumes_after_crash_multiple_nodes,2,pass
tests/test_retry.py::test_error_handler_resumes_after_crash_multiple_nodes,3,pass
tests/test_retry.py::test_error_handler_resumes_after_crash_multiple_nodes,4,fail
tests/test_retry.py::test_error_handler_resumes_after_crash_multiple_nodes,5,pass
tests/test_retry.py::test_error_handler_resumes_after_crash_multiple_nodes,6,pass
tests/test_retry.py::test_error_handler_resumes_after_crash_multiple_nodes,7,pass
tests/test_retry.py::test_error_handler_resumes_after_crash_multiple_nodes,8,pass
tests/test_retry.py::test_error_handler_resumes_after_crash_multiple_nodes,9,pass
tests/test_retry.py::test_error_handler_resumes_after_crash_multiple_nodes,10,pass
tests/test_retry.py::test_error_handler_resumes_after_crash_multiple_nodes,11,pass
tests/test_retry.py::test_error_handler_resumes_after_crash_multiple_nodes,12,fail
tests/test_retry.py::test_error_handler_resumes_after_crash_multiple_nodes,13,pass
tests/test_retry.py::test_error_handler_resumes_after_crash_multiple_nodes,14,pass
tests/test_retry.py::test_error_handler_resumes_after_crash_multiple_nodes,15,pass
tests/test_retry.py::test_error_handler_resumes_after_crash_multiple_nodes,16,fail
tests/test_retry.py::test_error_handler_resumes_after_crash_multiple_nodes,17,pass
tests/test_retry.py::test_error_handler_resumes_after_crash_multiple_nodes,18,pass
tests/test_retry.py::test_error_handler_resumes_after_crash_multiple_nodes,19,pass
tests/test_retry.py::test_error_handler_resumes_after_crash_multiple_nodes,20,pass
tests/test_retry.py::test_error_handler_resumes_after_crash_multiple_nodes,21,pass
tests/test_retry.py::test_error_handler_resumes_after_crash_multiple_nodes,22,fail
tests/test_retry.py::test_error_handler_resumes_after_crash_multiple_nodes,23,pass
tests/test_retry.py::test_error_handler_resumes_after_crash_multiple_nodes,24,pass
tests/test_retry.py::test_error_handler_resumes_after_crash_multiple_nodes,25,pass
tests/test_retry.py::test_error_handler_resumes_after_crash_multiple_nodes,26,pass
tests/test_retry.py::test_error_handler_resumes_after_crash_multiple_nodes,27,pass
tests/test_retry.py::test_error_handler_resumes_after_crash_multiple_nodes,28,pass
tests/test_retry.py::test_error_handler_resumes_after_crash_multiple_nodes,29,fail
tests/test_retry.py::test_error_handler_resumes_after_crash_multiple_nodes,30,pass
tests/test_retry.py::test_error_handler_resumes_after_crash_multiple_nodes,31,fail
tests/test_retry.py::test_error_handler_resumes_after_crash_multiple_nodes,32,pass
tests/test_retry.py::test_error_handler_resumes_after_crash_multiple_nodes,33,pass
tests/test_retry.py::test_error_handler_resumes_after_crash_multiple_nodes,34,pass
tests/test_retry.py::test_error_handler_resumes_after_crash_multiple_nodes,35,pass
tests/test_retry.py::test_error_handler_resumes_after_crash_multiple_nodes,36,pass
tests/test_retry.py::test_error_handler_resumes_after_crash_multiple_nodes,37,pass
tests/test_retry.py::test_error_handler_resumes_after_crash_multiple_nodes,38,pass
tests/test_retry.py::test_error_handler_resumes_after_crash_multiple_nodes,39,fail
tests/test_retry.py::test_error_handler_resumes_after_crash_multiple_nodes,40,pass
tests/test_retry.py::test_error_handler_resumes_after_crash_multiple_nodes,41,fail
tests/test_retry.py::test_error_handler_resumes_after_crash_multiple_nodes,42,pass
tests/test_retry.py::test_error_handler_resumes_after_crash_multiple_nodes,43,pass
tests/test_retry.py::test_error_handler_resumes_after_crash_multiple_nodes,44,pass
tests/test_retry.py::test_error_handler_resumes_after_crash_multiple_nodes,45,pass
tests/test_retry.py::test_error_handler_resumes_after_crash_multiple_nodes,46,pass
tests/test_retry.py::test_error_handler_resumes_after_crash_multiple_nodes,47,pass
tests/test_retry.py::test_error_handler_resumes_after_crash_multiple_nodes,48,pass
tests/test_retry.py::test_error_handler_resumes_after_crash_multiple_nodes,49,pass
tests/test_retry.py::test_error_handler_resumes_after_crash_multiple_nodes,50,pass
tests/test_retry.py::test_error_handler_resumes_after_crash_multiple_nodes,51,pass
tests/test_retry.py::test_error_handler_resumes_after_crash_multiple_nodes,52,pass
tests/test_retry.py::test_error_handler_resumes_after_crash_multiple_nodes,53,pass
tests/test_retry.py::test_error_handler_resumes_after_crash_multiple_nodes,54,pass
tests/test_retry.py::test_error_handler_resumes_after_crash_multiple_nodes,55,pass
tests/test_retry.py::test_error_handler_resumes_after_crash_multiple_nodes,56,pass
tests/test_retry.py::test_error_handler_resumes_after_crash_multiple_nodes,57,pass
tests/test_retry.py::test_error_handler_resumes_after_crash_multiple_nodes,58,pass
tests/test_retry.py::test_error_handler_resumes_after_crash_multiple_nodes,59,pass
tests/test_retry.py::test_error_handler_resumes_after_crash_multiple_nodes,60,fail
tests/test_retry.py::test_error_handler_resumes_after_crash_multiple_nodes,61,pass
tests/test_retry.py::test_error_handler_resumes_after_crash_multiple_nodes,62,pass
tests/test_retry.py::test_error_handler_resumes_after_crash_multiple_nodes,63,pass
tests/test_retry.py::test_error_handler_resumes_after_crash_multiple_nodes,64,fail
tests/test_retry.py::test_error_handler_resumes_after_crash_multiple_nodes,65,pass
tests/test_retry.py::test_error_handler_resumes_after_crash_multiple_nodes,66,pass
tests/test_retry.py::test_error_handler_resumes_after_crash_multiple_nodes,67,pass
tests/test_retry.py::test_error_handler_resumes_after_crash_multiple_nodes,68,pass
tests/test_retry.py::test_error_handler_resumes_after_crash_multiple_nodes,69,fail
tests/test_retry.py::test_error_handler_resumes_after_crash_multiple_nodes,70,pass
tests/test_retry.py::test_error_handler_resumes_after_crash_multiple_nodes,71,pass
tests/test_retry.py::test_error_handler_resumes_after_crash_multiple_nodes,72,pass
tests/test_retry.py::test_error_handler_resumes_after_crash_multiple_nodes,73,pass
tests/test_retry.py::test_error_handler_resumes_after_crash_multiple_nodes,74,pass
tests/test_retry.py::test_error_handler_resumes_after_crash_multiple_nodes,75,pass
tests/test_retry.py::test_error_handler_resumes_after_crash_multiple_nodes,76,pass
tests/test_retry.py::test_error_handler_resumes_after_crash_multiple_nodes,77,pass
tests/test_retry.py::test_error_handler_resumes_after_crash_multiple_nodes,78,pass
tests/test_retry.py::test_error_handler_resumes_after_crash_multiple_nodes,79,pass
tests/test_retry.py::test_error_handler_resumes_after_crash_multiple_nodes,80,pass
tests/test_retry.py::test_error_handler_resumes_after_crash_multiple_nodes,81,pass
tests/test_retry.py::test_error_handler_resumes_after_crash_multiple_nodes,82,pass
tests/test_retry.py::test_error_handler_resumes_after_crash_multiple_nodes,83,pass
tests/test_retry.py::test_error_handler_resumes_after_crash_multiple_nodes,84,pass
tests/test_retry.py::test_error_handler_resumes_after_crash_multiple_nodes,85,pass
tests/test_retry.py::test_error_handler_resumes_after_crash_multiple_nodes,86,pass
tests/test_retry.py::test_error_handler_resumes_after_crash_multiple_nodes,87,pass
tests/test_retry.py::test_error_handler_resumes_after_crash_multiple_nodes,88,pass
tests/test_retry.py::test_error_handler_resumes_after_crash_multiple_nodes,89,pass
tests/test_retry.py::test_error_handler_resumes_after_crash_multiple_nodes,90,pass
tests/test_retry.py::test_error_handler_resumes_after_crash_multiple_nodes,91,pass
tests/test_retry.py::test_error_handler_resumes_after_crash_multiple_nodes,92,pass
tests/test_retry.py::test_error_handler_resumes_after_crash_multiple_nodes,93,pass
tests/test_retry.py::test_error_handler_resumes_after_crash_multiple_nodes,94,pass
tests/test_retry.py::test_error_handler_resumes_after_crash_multiple_nodes,95,fail
tests/test_retry.py::test_error_handler_resumes_after_crash_multiple_nodes,96,pass
tests/test_retry.py::test_error_handler_resumes_after_crash_multiple_nodes,97,pass
tests/test_retry.py::test_error_handler_resumes_after_crash_multiple_nodes,98,pass
tests/test_retry.py::test_error_handler_resumes_after_crash_multiple_nodes,99,pass
tests/test_retry.py::test_error_handler_resumes_after_crash_multiple_nodes,100,pass
tests/test_retry.py::test_error_handler_resumes_after_crash_multiple_nodes,101,pass
tests/test_retry.py::test_error_handler_resumes_after_crash_multiple_nodes,102,fail
tests/test_retry.py::test_error_handler_resumes_after_crash_multiple_nodes,103,pass
tests/test_retry.py::test_error_handler_resumes_after_crash_multiple_nodes,104,pass
tests/test_retry.py::test_error_handler_resumes_after_crash_multiple_nodes,105,pass
tests/test_retry.py::test_error_handler_resumes_after_crash_multiple_nodes,106,pass
tests/test_retry.py::test_error_handler_resumes_after_crash_multiple_nodes,107,pass
tests/test_retry.py::test_error_handler_resumes_after_crash_multiple_nodes,108,pass
tests/test_retry.py::test_error_handler_resumes_after_crash_multiple_nodes,109,pass
tests/test_retry.py::test_error_handler_resumes_after_crash_multiple_nodes,110,pass
tests/test_retry.py::test_error_handler_resumes_after_crash_multiple_nodes,111,pass
tests/test_retry.py::test_error_handler_resumes_after_crash_multiple_nodes,112,pass
tests/test_retry.py::test_error_handler_resumes_after_crash_multiple_nodes,113,pass
tests/test_retry.py::test_error_handler_resumes_after_crash_multiple_nodes,114,pass
tests/test_retry.py::test_error_handler_resumes_after_crash_multiple_nodes,115,pass
tests/test_retry.py::test_error_handler_resumes_after_crash_multiple_nodes,116,pass
tests/test_retry.py::test_error_handler_resumes_after_crash_multiple_nodes,117,pass
tests/test_retry.py::test_error_handler_resumes_after_crash_multiple_nodes,118,pass
tests/test_retry.py::test_error_handler_resumes_after_crash_multiple_nodes,119,pass
tests/test_retry.py::test_error_handler_resumes_after_crash_multiple_nodes,120,pass
tests/test_retry.py::test_error_handler_resumes_after_crash_multiple_nodes,121,pass
tests/test_retry.py::test_error_handler_resumes_after_crash_multiple_nodes,122,pass
tests/test_retry.py::test_error_handler_resumes_after_crash_multiple_nodes,123,pass
tests/test_retry.py::test_error_handler_resumes_after_crash_multiple_nodes,124,pass
tests/test_retry.py::test_error_handler_resumes_after_crash_multiple_nodes,125,pass
tests/test_retry.py::test_error_handler_resumes_after_crash_multiple_nodes,126,fail
tests/test_retry.py::test_error_handler_resumes_after_crash_multiple_nodes,127,pass
tests/test_retry.py::test_error_handler_resumes_after_crash_multiple_nodes,128,pass
tests/test_retry.py::test_error_handler_resumes_after_crash_multiple_nodes,129,pass
tests/test_retry.py::test_error_handler_resumes_after_crash_multiple_nodes,130,pass
tests/test_retry.py::test_error_handler_resumes_after_crash_multiple_nodes,131,pass
tests/test_retry.py::test_error_handler_resumes_after_crash_multiple_nodes,132,pass
tests/test_retry.py::test_error_handler_resumes_after_crash_multiple_nodes,133,pass
tests/test_retry.py::test_error_handler_resumes_after_crash_multiple_nodes,134,pass
tests/test_retry.py::test_error_handler_resumes_after_crash_multiple_nodes,135,pass
tests/test_retry.py::test_error_handler_resumes_after_crash_multiple_nodes,136,fail
tests/test_retry.py::test_error_handler_resumes_after_crash_multiple_nodes,137,pass
tests/test_retry.py::test_error_handler_resumes_after_crash_multiple_nodes,138,fail
tests/test_retry.py::test_error_handler_resumes_after_crash_multiple_nodes,139,pass
tests/test_retry.py::test_error_handler_resumes_after_crash_multiple_nodes,140,pass
tests/test_retry.py::test_error_handler_resumes_after_crash_multiple_nodes,141,pass
tests/test_retry.py::test_error_handler_resumes_after_crash_multiple_nodes,142,pass
tests/test_retry.py::test_error_handler_resumes_after_crash_multiple_nodes,143,pass
tests/test_retry.py::test_error_handler_resumes_after_crash_multiple_nodes,144,pass
tests/test_retry.py::test_error_handler_resumes_after_crash_multiple_nodes,145,pass
tests/test_retry.py::test_error_handler_resumes_after_crash_multiple_nodes,146,pass
tests/test_retry.py::test_error_handler_resumes_after_crash_multiple_nodes,147,pass
tests/test_retry.py::test_error_handler_resumes_after_crash_multiple_nodes,148,pass
tests/test_retry.py::test_error_handler_resumes_after_crash_multiple_nodes,149,pass
tests/test_retry.py::test_error_handler_resumes_after_crash_multiple_nodes,150,pass
tests/test_retry.py::test_error_handler_resumes_after_crash_multiple_nodes,151,pass
tests/test_retry.py::test_error_handler_resumes_after_crash_multiple_nodes,152,pass
tests/test_retry.py::test_error_handler_resumes_after_crash_multiple_nodes,153,fail
tests/test_retry.py::test_error_handler_resumes_after_crash_multiple_nodes,154,pass
tests/test_retry.py::test_error_handler_resumes_after_crash_multiple_nodes,155,fail
tests/test_retry.py::test_error_handler_resumes_after_crash_multiple_nodes,156,pass
tests/test_retry.py::test_error_handler_resumes_after_crash_multiple_nodes,157,pass
tests/test_retry.py::test_error_handler_resumes_after_crash_multiple_nodes,158,pass
tests/test_retry.py::test_error_handler_resumes_after_crash_multiple_nodes,159,fail
tests/test_retry.py::test_error_handler_resumes_after_crash_multiple_nodes,160,pass
tests/test_retry.py::test_error_handler_resumes_after_crash_multiple_nodes,161,pass
tests/test_retry.py::test_error_handler_resumes_after_crash_multiple_nodes,162,pass
tests/test_retry.py::test_error_handler_resumes_after_crash_multiple_nodes,163,pass
tests/test_retry.py::test_error_handler_resumes_after_crash_multiple_nodes,164,pass
tests/test_retry.py::test_error_handler_resumes_after_crash_multiple_nodes,165,pass
tests/test_retry.py::test_error_handler_resumes_after_crash_multiple_nodes,166,pass
tests/test_retry.py::test_error_handler_resumes_after_crash_multiple_nodes,167,pass
tests/test_retry.py::test_error_handler_resumes_after_crash_multiple_nodes,168,pass
tests/test_retry.py::test_error_handler_resumes_after_crash_multiple_nodes,169,pass
tests/test_retry.py::test_error_handler_resumes_after_crash_multiple_nodes,170,pass
tests/test_retry.py::test_error_handler_resumes_after_crash_multiple_nodes,171,fail
tests/test_retry.py::test_error_handler_resumes_after_crash_multiple_nodes,172,pass
tests/test_retry.py::test_error_handler_resumes_after_crash_multiple_nodes,173,pass
tests/test_retry.py::test_error_handler_resumes_after_crash_multiple_nodes,174,pass
tests/test_retry.py::test_error_handler_resumes_after_crash_multiple_nodes,175,pass
tests/test_retry.py::test_error_handler_resumes_after_crash_multiple_nodes,176,pass
tests/test_retry.py::test_error_handler_resumes_after_crash_multiple_nodes,177,pass
tests/test_retry.py::test_error_handler_resumes_after_crash_multiple_nodes,178,pass
tests/test_retry.py::test_error_handler_resumes_after_crash_multiple_nodes,179,pass
tests/test_retry.py::test_error_handler_resumes_after_crash_multiple_nodes,180,pass
tests/test_retry.py::test_error_handler_resumes_after_crash_multiple_nodes,181,fail
tests/test_retry.py::test_error_handler_resumes_after_crash_multiple_nodes,182,pass
tests/test_retry.py::test_error_handler_resumes_after_crash_multiple_nodes,183,pass
tests/test_retry.py::test_error_handler_resumes_after_crash_multiple_nodes,184,pass
tests/test_retry.py::test_error_handler_resumes_after_crash_multiple_nodes,185,pass
tests/test_retry.py::test_error_handler_resumes_after_crash_multiple_nodes,186,pass
tests/test_retry.py::test_error_handler_resumes_after_crash_multiple_nodes,187,pass
tests/test_retry.py::test_error_handler_resumes_after_crash_multiple_nodes,188,pass
tests/test_retry.py::test_error_handler_resumes_after_crash_multiple_nodes,189,pass
tests/test_retry.py::test_error_handler_resumes_after_crash_multiple_nodes,190,fail
tests/test_retry.py::test_error_handler_resumes_after_crash_multiple_nodes,191,pass
tests/test_retry.py::test_error_handler_resumes_after_crash_multiple_nodes,192,pass
tests/test_retry.py::test_error_handler_resumes_after_crash_multiple_nodes,193,pass
tests/test_retry.py::test_error_handler_resumes_after_crash_multiple_nodes,194,fail
tests/test_retry.py::test_error_handler_resumes_after_crash_multiple_nodes,195,fail
tests/test_retry.py::test_error_handler_resumes_after_crash_multiple_nodes,196,pass
tests/test_retry.py::test_error_handler_resumes_after_crash_multiple_nodes,197,pass
tests/test_retry.py::test_error_handler_resumes_after_crash_multiple_nodes,198,pass
tests/test_retry.py::test_error_handler_resumes_after_crash_multiple_nodes,199,pass
tests/test_retry.py::test_error_handler_resumes_after_crash_multiple_nodes,200,pass
