baseline,
cpu-1,--class cpu --all 1
cpu-6,--class cpu --all 6
cpu-8,--class cpu --all 8
cpu-cache-1,--class cpu-cache --all 1
cpu-cache-2,--class cpu-cache --all 2
cpu-cache-4,--class cpu-cache --all 4
cpu-cache-8,--class cpu-cache --all 8
io-1,--class io --all 1
io-8,--class io --all 8
device-1,--class device --all 1
device-8,--class device --all 8
interrupt-1,--class interrupt --all 1
interrupt-6,--class interrupt --all 6
interrupt-8,--class interrupt --all 8
filesystem-1,--class filesystem --all 1
filesystem-8,--class filesystem --all 8
pipe-1,--class pipe --all 1
pipe-6,--class pipe --all 6
pipe-8,--class pipe --all 8
security-1,--class security --all 1
security-2,--class security --all 2
security-8,--class security --all 8
os-1,--class os --all 1
scheduler-1,--class scheduler --all 1
memory-bounded,--vm 2 --vm-bytes 256M
#vm-1,--class vm --all 1
#vm-4,--class vm --all 4
#vm-6,--class vm --all 6
#vm-8,--class vm --all 8
