subject,module,commit,generated_test,focal_method,nd_pass,nd_total,nd_verdict,id_runs,id_verdict,od_verdict,notes
http-request,lib,2d62a3e9da726942a93cf16b6e91c0187e6c0136,com.github.kevinsawicki.http.HttpRequest_acceptJson_125_0_Test#testAcceptJson,com.github.kevinsawicki.http.HttpRequest#acceptJson,20,20,NOT_FLAKY,15,NOT_FLAKY_ID,NOT_OD,OD checked at class level over 77-test full suite (victim+polluter)
http-request,lib,2d62a3e9da726942a93cf16b6e91c0187e6c0136,com.github.kevinsawicki.http.HttpRequest_acceptJson_125_0_Test#testConstructorWithMalformedURLException,com.github.kevinsawicki.http.HttpRequest#acceptJson,20,20,NOT_FLAKY,15,NOT_FLAKY_ID,NOT_OD,OD checked at class level over 77-test full suite (victim+polluter)
http-request,lib,2d62a3e9da726942a93cf16b6e91c0187e6c0136,com.github.kevinsawicki.http.HttpRequest_append_10_0_Test#testAddParamPrefix,com.github.kevinsawicki.http.HttpRequest#append,20,20,NOT_FLAKY,15,NOT_FLAKY_ID,NOT_OD,OD checked at class level over 77-test full suite (victim+polluter)
http-request,lib,2d62a3e9da726942a93cf16b6e91c0187e6c0136,com.github.kevinsawicki.http.HttpRequest_append_10_0_Test#testAddParamWithArray,com.github.kevinsawicki.http.HttpRequest#append,20,20,NOT_FLAKY,15,NOT_FLAKY_ID,NOT_OD,OD checked at class level over 77-test full suite (victim+polluter)
http-request,lib,2d62a3e9da726942a93cf16b6e91c0187e6c0136,com.github.kevinsawicki.http.HttpRequest_append_10_0_Test#testAddPathSeparator,com.github.kevinsawicki.http.HttpRequest#append,20,20,NOT_FLAKY,15,NOT_FLAKY_ID,NOT_OD,OD checked at class level over 77-test full suite (victim+polluter)
http-request,lib,2d62a3e9da726942a93cf16b6e91c0187e6c0136,com.github.kevinsawicki.http.HttpRequest_append_10_0_Test#testAppendNoParams,com.github.kevinsawicki.http.HttpRequest#append,20,20,NOT_FLAKY,15,NOT_FLAKY_ID,NOT_OD,OD checked at class level over 77-test full suite (victim+polluter)
http-request,lib,2d62a3e9da726942a93cf16b6e91c0187e6c0136,com.github.kevinsawicki.http.HttpRequest_append_10_0_Test#testAppendWithOddNumberOfParams,com.github.kevinsawicki.http.HttpRequest#append,20,20,NOT_FLAKY,15,NOT_FLAKY_ID,NOT_OD,OD checked at class level over 77-test full suite (victim+polluter)
http-request,lib,2d62a3e9da726942a93cf16b6e91c0187e6c0136,com.github.kevinsawicki.http.HttpRequest_append_10_0_Test#testAppendWithPathSeparator,com.github.kevinsawicki.http.HttpRequest#append,20,20,NOT_FLAKY,15,NOT_FLAKY_ID,NOT_OD,OD checked at class level over 77-test full suite (victim+polluter)
http-request,lib,2d62a3e9da726942a93cf16b6e91c0187e6c0136,com.github.kevinsawicki.http.HttpRequest_append_9_0_Test#testAppendWithArrayParam,com.github.kevinsawicki.http.HttpRequest#append,20,20,NOT_FLAKY,15,NOT_FLAKY_ID,NOT_OD,OD checked at class level over 77-test full suite (victim+polluter)
http-request,lib,2d62a3e9da726942a93cf16b6e91c0187e6c0136,com.github.kevinsawicki.http.HttpRequest_append_9_0_Test#testAppendWithEmptyParams,com.github.kevinsawicki.http.HttpRequest#append,20,20,NOT_FLAKY,15,NOT_FLAKY_ID,NOT_OD,OD checked at class level over 77-test full suite (victim+polluter)
http-request,lib,2d62a3e9da726942a93cf16b6e91c0187e6c0136,com.github.kevinsawicki.http.HttpRequest_append_9_0_Test#testAppendWithNullParams,com.github.kevinsawicki.http.HttpRequest#append,20,20,NOT_FLAKY,15,NOT_FLAKY_ID,NOT_OD,OD checked at class level over 77-test full suite (victim+polluter)
http-request,lib,2d62a3e9da726942a93cf16b6e91c0187e6c0136,com.github.kevinsawicki.http.HttpRequest_badRequest_53_0_Test#testBadRequestFalse,com.github.kevinsawicki.http.HttpRequest#badRequest,20,20,NOT_FLAKY,15,NOT_FLAKY_ID,NOT_OD,OD checked at class level over 77-test full suite (victim+polluter)
http-request,lib,2d62a3e9da726942a93cf16b6e91c0187e6c0136,com.github.kevinsawicki.http.HttpRequest_badRequest_53_0_Test#testBadRequestThrowsException,com.github.kevinsawicki.http.HttpRequest#badRequest,20,20,NOT_FLAKY,15,NOT_FLAKY_ID,NOT_OD,OD checked at class level over 77-test full suite (victim+polluter)
http-request,lib,2d62a3e9da726942a93cf16b6e91c0187e6c0136,com.github.kevinsawicki.http.HttpRequest_badRequest_53_0_Test#testBadRequestTrue,com.github.kevinsawicki.http.HttpRequest#badRequest,20,20,NOT_FLAKY,15,NOT_FLAKY_ID,NOT_OD,OD checked at class level over 77-test full suite (victim+polluter)
http-request,lib,2d62a3e9da726942a93cf16b6e91c0187e6c0136,com.github.kevinsawicki.http.HttpRequest_bufferSize_59_0_Test#testBufferSizeInvalid,com.github.kevinsawicki.http.HttpRequest#bufferSize,20,20,NOT_FLAKY,15,NOT_FLAKY_ID,NOT_OD,OD checked at class level over 77-test full suite (victim+polluter)
http-request,lib,2d62a3e9da726942a93cf16b6e91c0187e6c0136,com.github.kevinsawicki.http.HttpRequest_bufferSize_59_0_Test#testBufferSizeReflection,com.github.kevinsawicki.http.HttpRequest#bufferSize,20,20,NOT_FLAKY,15,NOT_FLAKY_ID,NOT_OD,OD checked at class level over 77-test full suite (victim+polluter)
http-request,lib,2d62a3e9da726942a93cf16b6e91c0187e6c0136,com.github.kevinsawicki.http.HttpRequest_bufferSize_59_0_Test#testBufferSizeValid,com.github.kevinsawicki.http.HttpRequest#bufferSize,20,20,NOT_FLAKY,15,NOT_FLAKY_ID,NOT_OD,OD checked at class level over 77-test full suite (victim+polluter)
http-request,lib,2d62a3e9da726942a93cf16b6e91c0187e6c0136,com.github.kevinsawicki.http.HttpRequest_delete_23_0_Test#testDelete,com.github.kevinsawicki.http.HttpRequest#delete,20,20,NOT_FLAKY,15,NOT_FLAKY_ID,NOT_OD,OD checked at class level over 77-test full suite (victim+polluter)
http-request,lib,2d62a3e9da726942a93cf16b6e91c0187e6c0136,com.github.kevinsawicki.http.HttpRequest_delete_24_0_Test#testDeleteMethod,com.github.kevinsawicki.http.HttpRequest#delete,20,20,NOT_FLAKY,15,NOT_FLAKY_ID,NOT_OD,OD checked at class level over 77-test full suite (victim+polluter)
http-request,lib,2d62a3e9da726942a93cf16b6e91c0187e6c0136,com.github.kevinsawicki.http.HttpRequest_expires_109_0_Test#testExpires,com.github.kevinsawicki.http.HttpRequest#expires,20,20,NOT_FLAKY,15,NOT_FLAKY_ID,NOT_OD,OD checked at class level over 77-test full suite (victim+polluter)
http-request,lib,2d62a3e9da726942a93cf16b6e91c0187e6c0136,com.github.kevinsawicki.http.HttpRequest_get_11_0_Test#testGetMethod,com.github.kevinsawicki.http.HttpRequest#get,20,20,NOT_FLAKY,15,NOT_FLAKY_ID,NOT_OD,OD checked at class level over 77-test full suite (victim+polluter)
http-request,lib,2d62a3e9da726942a93cf16b6e91c0187e6c0136,com.github.kevinsawicki.http.HttpRequest_get_11_0_Test#testGetMethodWithInvalidURL,com.github.kevinsawicki.http.HttpRequest#get,20,20,NOT_FLAKY,15,NOT_FLAKY_ID,NOT_OD,OD checked at class level over 77-test full suite (victim+polluter)
http-request,lib,2d62a3e9da726942a93cf16b6e91c0187e6c0136,com.github.kevinsawicki.http.HttpRequest_get_11_0_Test#testGetMethodWithMalformedURL,com.github.kevinsawicki.http.HttpRequest#get,20,20,NOT_FLAKY,15,NOT_FLAKY_ID,NOT_OD,OD checked at class level over 77-test full suite (victim+polluter)
http-request,lib,2d62a3e9da726942a93cf16b6e91c0187e6c0136,com.github.kevinsawicki.http.HttpRequest_get_13_0_Test#testGetWithEmptyParams,com.github.kevinsawicki.http.HttpRequest#get,20,20,NOT_FLAKY,15,NOT_FLAKY_ID,NOT_OD,OD checked at class level over 77-test full suite (victim+polluter)
http-request,lib,2d62a3e9da726942a93cf16b6e91c0187e6c0136,com.github.kevinsawicki.http.HttpRequest_get_13_0_Test#testGetWithEncoding,com.github.kevinsawicki.http.HttpRequest#get,20,20,NOT_FLAKY,15,NOT_FLAKY_ID,NOT_OD,OD checked at class level over 77-test full suite (victim+polluter)
http-request,lib,2d62a3e9da726942a93cf16b6e91c0187e6c0136,com.github.kevinsawicki.http.HttpRequest_get_13_0_Test#testGetWithMalformedUrl,com.github.kevinsawicki.http.HttpRequest#get,20,20,NOT_FLAKY,15,NOT_FLAKY_ID,NOT_OD,OD checked at class level over 77-test full suite (victim+polluter)
http-request,lib,2d62a3e9da726942a93cf16b6e91c0187e6c0136,com.github.kevinsawicki.http.HttpRequest_get_13_0_Test#testGetWithoutEncoding,com.github.kevinsawicki.http.HttpRequest#get,20,20,NOT_FLAKY,15,NOT_FLAKY_ID,NOT_OD,OD checked at class level over 77-test full suite (victim+polluter)
http-request,lib,2d62a3e9da726942a93cf16b6e91c0187e6c0136,com.github.kevinsawicki.http.HttpRequest_get_14_0_Test#testGetWithEncoding,com.github.kevinsawicki.http.HttpRequest#get,20,20,NOT_FLAKY,15,NOT_FLAKY_ID,NOT_OD,OD checked at class level over 77-test full suite (victim+polluter)
http-request,lib,2d62a3e9da726942a93cf16b6e91c0187e6c0136,com.github.kevinsawicki.http.HttpRequest_get_14_0_Test#testGetWithNoParams,com.github.kevinsawicki.http.HttpRequest#get,20,20,NOT_FLAKY,15,NOT_FLAKY_ID,NOT_OD,OD checked at class level over 77-test full suite (victim+polluter)
http-request,lib,2d62a3e9da726942a93cf16b6e91c0187e6c0136,com.github.kevinsawicki.http.HttpRequest_get_14_0_Test#testGetWithOddNumberOfParams,com.github.kevinsawicki.http.HttpRequest#get,20,20,NOT_FLAKY,15,NOT_FLAKY_ID,NOT_OD,OD checked at class level over 77-test full suite (victim+polluter)
http-request,lib,2d62a3e9da726942a93cf16b6e91c0187e6c0136,com.github.kevinsawicki.http.HttpRequest_get_14_0_Test#testGetWithoutEncoding,com.github.kevinsawicki.http.HttpRequest#get,20,20,NOT_FLAKY,15,NOT_FLAKY_ID,NOT_OD,OD checked at class level over 77-test full suite (victim+polluter)
http-request,lib,2d62a3e9da726942a93cf16b6e91c0187e6c0136,com.github.kevinsawicki.http.HttpRequest_head_27_0_Test#testHeadMethod,com.github.kevinsawicki.http.HttpRequest#head,20,20,NOT_FLAKY,15,NOT_FLAKY_ID,NOT_OD,OD checked at class level over 77-test full suite (victim+polluter)
http-request,lib,2d62a3e9da726942a93cf16b6e91c0187e6c0136,com.github.kevinsawicki.http.HttpRequest_head_28_0_Test#testHeadMethod,com.github.kevinsawicki.http.HttpRequest#head,20,20,NOT_FLAKY,15,NOT_FLAKY_ID,NOT_OD,OD checked at class level over 77-test full suite (victim+polluter)
http-request,lib,2d62a3e9da726942a93cf16b6e91c0187e6c0136,com.github.kevinsawicki.http.HttpRequest_ifModifiedSince_116_0_Test#testIfModifiedSince,com.github.kevinsawicki.http.HttpRequest#ifModifiedSince,20,20,NOT_FLAKY,15,NOT_FLAKY_ID,NOT_OD,OD checked at class level over 77-test full suite (victim+polluter)
http-request,lib,2d62a3e9da726942a93cf16b6e91c0187e6c0136,com.github.kevinsawicki.http.HttpRequest_ifModifiedSince_116_0_Test#testIfModifiedSinceReturnsSelf,com.github.kevinsawicki.http.HttpRequest#ifModifiedSince,20,20,NOT_FLAKY,15,NOT_FLAKY_ID,NOT_OD,OD checked at class level over 77-test full suite (victim+polluter)
http-request,lib,2d62a3e9da726942a93cf16b6e91c0187e6c0136,com.github.kevinsawicki.http.HttpRequest_notModified_55_0_Test#testNotModifiedFalse,com.github.kevinsawicki.http.HttpRequest#notModified,20,20,NOT_FLAKY,15,NOT_FLAKY_ID,NOT_OD,OD checked at class level over 77-test full suite (victim+polluter)
http-request,lib,2d62a3e9da726942a93cf16b6e91c0187e6c0136,com.github.kevinsawicki.http.HttpRequest_notModified_55_0_Test#testNotModifiedThrowsException,com.github.kevinsawicki.http.HttpRequest#notModified,20,20,NOT_FLAKY,15,NOT_FLAKY_ID,NOT_OD,OD checked at class level over 77-test full suite (victim+polluter)
http-request,lib,2d62a3e9da726942a93cf16b6e91c0187e6c0136,com.github.kevinsawicki.http.HttpRequest_notModified_55_0_Test#testNotModifiedTrue,com.github.kevinsawicki.http.HttpRequest#notModified,20,20,NOT_FLAKY,15,NOT_FLAKY_ID,NOT_OD,OD checked at class level over 77-test full suite (victim+polluter)
http-request,lib,2d62a3e9da726942a93cf16b6e91c0187e6c0136,com.github.kevinsawicki.http.HttpRequest_options_31_0_Test#testOptionsMethod,com.github.kevinsawicki.http.HttpRequest#options,20,20,NOT_FLAKY,15,NOT_FLAKY_ID,NOT_OD,OD checked at class level over 77-test full suite (victim+polluter)
http-request,lib,2d62a3e9da726942a93cf16b6e91c0187e6c0136,com.github.kevinsawicki.http.HttpRequest_post_15_0_Test#testPostReflectiveConstructor,com.github.kevinsawicki.http.HttpRequest#post,20,20,NOT_FLAKY,15,NOT_FLAKY_ID,NOT_OD,OD checked at class level over 77-test full suite (victim+polluter)
http-request,lib,2d62a3e9da726942a93cf16b6e91c0187e6c0136,com.github.kevinsawicki.http.HttpRequest_post_15_0_Test#testPostWithInvalidUrl,com.github.kevinsawicki.http.HttpRequest#post,20,20,NOT_FLAKY,15,NOT_FLAKY_ID,NOT_OD,OD checked at class level over 77-test full suite (victim+polluter)
http-request,lib,2d62a3e9da726942a93cf16b6e91c0187e6c0136,com.github.kevinsawicki.http.HttpRequest_post_15_0_Test#testPostWithValidUrl,com.github.kevinsawicki.http.HttpRequest#post,20,20,NOT_FLAKY,15,NOT_FLAKY_ID,NOT_OD,OD checked at class level over 77-test full suite (victim+polluter)
http-request,lib,2d62a3e9da726942a93cf16b6e91c0187e6c0136,com.github.kevinsawicki.http.HttpRequest_post_16_0_Test#testPost,com.github.kevinsawicki.http.HttpRequest#post,20,20,NOT_FLAKY,15,NOT_FLAKY_ID,NOT_OD,OD checked at class level over 77-test full suite (victim+polluter)
http-request,lib,2d62a3e9da726942a93cf16b6e91c0187e6c0136,com.github.kevinsawicki.http.HttpRequest_post_16_0_Test#testPrivateConstructor,com.github.kevinsawicki.http.HttpRequest#post,20,20,NOT_FLAKY,15,NOT_FLAKY_ID,NOT_OD,OD checked at class level over 77-test full suite (victim+polluter)
http-request,lib,2d62a3e9da726942a93cf16b6e91c0187e6c0136,com.github.kevinsawicki.http.HttpRequest_post_18_0_Test#testPostWithEncoding,com.github.kevinsawicki.http.HttpRequest#post,20,20,NOT_FLAKY,15,NOT_FLAKY_ID,NOT_OD,OD checked at class level over 77-test full suite (victim+polluter)
http-request,lib,2d62a3e9da726942a93cf16b6e91c0187e6c0136,com.github.kevinsawicki.http.HttpRequest_post_18_0_Test#testPostWithNoParams,com.github.kevinsawicki.http.HttpRequest#post,20,20,NOT_FLAKY,15,NOT_FLAKY_ID,NOT_OD,OD checked at class level over 77-test full suite (victim+polluter)
http-request,lib,2d62a3e9da726942a93cf16b6e91c0187e6c0136,com.github.kevinsawicki.http.HttpRequest_post_18_0_Test#testPostWithNullParams,com.github.kevinsawicki.http.HttpRequest#post,20,20,NOT_FLAKY,15,NOT_FLAKY_ID,NOT_OD,OD checked at class level over 77-test full suite (victim+polluter)
http-request,lib,2d62a3e9da726942a93cf16b6e91c0187e6c0136,com.github.kevinsawicki.http.HttpRequest_post_18_0_Test#testPostWithoutEncoding,com.github.kevinsawicki.http.HttpRequest#post,20,20,NOT_FLAKY,15,NOT_FLAKY_ID,NOT_OD,OD checked at class level over 77-test full suite (victim+polluter)
http-request,lib,2d62a3e9da726942a93cf16b6e91c0187e6c0136,com.github.kevinsawicki.http.HttpRequest_put_19_0_Test#testConstructorWithCharSequence,com.github.kevinsawicki.http.HttpRequest#put,20,20,NOT_FLAKY,15,NOT_FLAKY_ID,NOT_OD,OD checked at class level over 77-test full suite (victim+polluter)
http-request,lib,2d62a3e9da726942a93cf16b6e91c0187e6c0136,com.github.kevinsawicki.http.HttpRequest_put_19_0_Test#testConstructorWithURL,com.github.kevinsawicki.http.HttpRequest#put,20,20,NOT_FLAKY,15,NOT_FLAKY_ID,NOT_OD,OD checked at class level over 77-test full suite (victim+polluter)
http-request,lib,2d62a3e9da726942a93cf16b6e91c0187e6c0136,com.github.kevinsawicki.http.HttpRequest_put_19_0_Test#testPutWithInvalidURL,com.github.kevinsawicki.http.HttpRequest#put,20,20,NOT_FLAKY,15,NOT_FLAKY_ID,NOT_OD,OD checked at class level over 77-test full suite (victim+polluter)
http-request,lib,2d62a3e9da726942a93cf16b6e91c0187e6c0136,com.github.kevinsawicki.http.HttpRequest_put_19_0_Test#testPutWithValidURL,com.github.kevinsawicki.http.HttpRequest#put,20,20,NOT_FLAKY,15,NOT_FLAKY_ID,NOT_OD,OD checked at class level over 77-test full suite (victim+polluter)
http-request,lib,2d62a3e9da726942a93cf16b6e91c0187e6c0136,com.github.kevinsawicki.http.HttpRequest_receive_75_0_Test#testReceiveFileNotFound,com.github.kevinsawicki.http.HttpRequest#receive,20,20,NOT_FLAKY,15,NOT_FLAKY_ID,NOT_OD,OD checked at class level over 77-test full suite (victim+polluter)
http-request,lib,2d62a3e9da726942a93cf16b6e91c0187e6c0136,com.github.kevinsawicki.http.HttpRequest_receive_75_0_Test#testReceiveFileSuccess,com.github.kevinsawicki.http.HttpRequest#receive,20,20,NOT_FLAKY,15,NOT_FLAKY_ID,NOT_OD,OD checked at class level over 77-test full suite (victim+polluter)
http-request,lib,2d62a3e9da726942a93cf16b6e91c0187e6c0136,com.github.kevinsawicki.http.HttpRequest_receive_76_0_Test#testCopyMethod,com.github.kevinsawicki.http.HttpRequest#receive,20,20,NOT_FLAKY,15,NOT_FLAKY_ID,NOT_OD,OD checked at class level over 77-test full suite (victim+polluter)
http-request,lib,2d62a3e9da726942a93cf16b6e91c0187e6c0136,com.github.kevinsawicki.http.HttpRequest_receive_76_0_Test#testReceiveSuccess,com.github.kevinsawicki.http.HttpRequest#receive,20,20,NOT_FLAKY,15,NOT_FLAKY_ID,NOT_OD,OD checked at class level over 77-test full suite (victim+polluter)
http-request,lib,2d62a3e9da726942a93cf16b6e91c0187e6c0136,com.github.kevinsawicki.http.HttpRequest_receive_76_0_Test#testReceiveThrowsHttpRequestException,com.github.kevinsawicki.http.HttpRequest#receive,20,20,NOT_FLAKY,15,NOT_FLAKY_ID,NOT_OD,OD checked at class level over 77-test full suite (victim+polluter)
http-request,lib,2d62a3e9da726942a93cf16b6e91c0187e6c0136,com.github.kevinsawicki.http.HttpRequest_send_147_0_Test#testSendFileNotFound,com.github.kevinsawicki.http.HttpRequest#send,20,20,NOT_FLAKY,15,NOT_FLAKY_ID,NOT_OD,OD checked at class level over 77-test full suite (victim+polluter)
http-request,lib,2d62a3e9da726942a93cf16b6e91c0187e6c0136,com.github.kevinsawicki.http.HttpRequest_send_147_0_Test#testSendFileSuccess,com.github.kevinsawicki.http.HttpRequest#send,20,20,NOT_FLAKY,15,NOT_FLAKY_ID,NOT_OD,OD checked at class level over 77-test full suite (victim+polluter)
http-request,lib,2d62a3e9da726942a93cf16b6e91c0187e6c0136,com.github.kevinsawicki.http.HttpRequest_setConnectionFactory_6_0_Test#testSetConnectionFactory,com.github.kevinsawicki.http.HttpRequest#setConnectionFactory,20,20,NOT_FLAKY,15,NOT_FLAKY_ID,NOT_OD,OD checked at class level over 77-test full suite (victim+polluter)
http-request,lib,2d62a3e9da726942a93cf16b6e91c0187e6c0136,com.github.kevinsawicki.http.HttpRequest_trace_33_0_Test#testTraceMethodWithMalformedUrl,com.github.kevinsawicki.http.HttpRequest#trace,20,20,NOT_FLAKY,15,NOT_FLAKY_ID,NOT_OD,OD checked at class level over 77-test full suite (victim+polluter)
http-request,lib,2d62a3e9da726942a93cf16b6e91c0187e6c0136,com.github.kevinsawicki.http.HttpRequest_trace_33_0_Test#testTraceMethodWithValidUrl,com.github.kevinsawicki.http.HttpRequest#trace,20,20,NOT_FLAKY,15,NOT_FLAKY_ID,NOT_OD,OD checked at class level over 77-test full suite (victim+polluter)
http-request,lib,2d62a3e9da726942a93cf16b6e91c0187e6c0136,com.github.kevinsawicki.http.HttpRequest_trace_34_0_Test#testTraceMethod,com.github.kevinsawicki.http.HttpRequest#trace,20,20,NOT_FLAKY,15,NOT_FLAKY_ID,NOT_OD,OD checked at class level over 77-test full suite (victim+polluter)
