org.json.JSONObject	JSON-java=.=f346203.dir/JSON-java=.=f346203/Flaky
com.fasterxml.classmate.ResolvedType	java-classmate=.=912adde.dir/java-classmate=.=912adde/Flaky
com.networknt.schema.CollectorContext	json-schema-validator=.=0c2a855.dir/json-schema-validator=.=0c2a855/Flaky
com.lazerycode.jmeter.json.TestConfiguration	jmeter-maven-plugin=.=cd921de.dir/jmeter-maven-plugin=.=cd921de/Flaky
com.sap.charging.model.FuseTree	emobility-smart-charging=.=423542c.dir/emobility-smart-charging=.=423542c/Flaky
org.datadog.jmeter.plugins.DatadogBackendClient	jmeter-datadog-backend-listener=.=b9fdff5.dir/jmeter-datadog-backend-listener=.=b9fdff5/Flaky
com.sap.oss.phosphor.fosstars.data.artifact.VulnerabilitiesFromOwaspDependencyCheck	fosstars-rating-core=.=d2e7cdd.dir/fosstars-rating-core=.=d2e7cdd/Flaky
net.snowflake.client.jdbc.SnowflakeConnectionV1	snowflake-jdbc=.=6356171.dir/snowflake-jdbc=.=6356171/Flaky
org.bytedeco.javacpp.indexer.ULongIndexer	javacpp=.=2fd35c6.dir/javacpp=.=2fd35c6/Flaky
co.streamx.fluent.JPA.util.ScopedArrayList	FluentJPA=.=4faabd6.dir/FluentJPA=.=4faabd6/Flaky
com.alibaba.fastjson.serializer.SerializeWriter	/home/dev4nshik/srse-java/fastjson=.=54a5f6d.dir/fastjson=.=54a5f6d/Flaky
dev.miku.r2dbc.mysql.MySqlConnectionConfiguration	/home/dev4nshik/srse-java/r2dbc-mysql=.=7ce04e3.dir/r2dbc-mysql=.=7ce04e3/Flaky
dev.miku.r2dbc.mysql.ParameterWriter	/home/dev4nshik/srse-java/r2dbc-mysql=.=7ce04e3.dir/r2dbc-mysql=.=7ce04e3/Flaky
dev.miku.r2dbc.mysql.util.InternalArrays	/home/dev4nshik/srse-java/r2dbc-mysql=.=7ce04e3.dir/r2dbc-mysql=.=7ce04e3/Flaky
org.json.JSONArray	/home/dev4nshik/srse-java/JSON-java=.=1be6ee3.dir/JSON-java=.=1be6ee3/Flaky
org.json.JSONTokener	/home/dev4nshik/srse-java/JSON-java=.=1be6ee3.dir/JSON-java=.=1be6ee3/Flaky
org.json.XML	/home/dev4nshik/srse-java/JSON-java=.=1be6ee3.dir/JSON-java=.=1be6ee3/Flaky
com.j256.ormlite.dao.EagerForeignCollection	/home/dev4nshik/srse-java/ormlite-core=.=61ebf9e.dir/ormlite-core=.=61ebf9e/Flaky
com.j256.ormlite.stmt.Where	/home/dev4nshik/srse-java/ormlite-core=.=61ebf9e.dir/ormlite-core=.=61ebf9e/Flaky
com.j256.ormlite.dao.LazyForeignCollection	/home/dev4nshik/srse-java/ormlite-core=.=61ebf9e.dir/ormlite-core=.=61ebf9e/Flaky
net.sf.marineapi.example.SentenceListenerExamples	/home/dev4nshik/srse-java/marineapi0a1f308.dir/marineapi0a1f308/Flaky
net.sf.marineapi.nmea.parser.SentenceParser	/home/dev4nshik/srse-java/marineapi0a1f308.dir/marineapi0a1f308/Flaky
org.apache.commons.lang3.mutable.MutableShort	/home/dev4nshik/srse-java/commons-lang=.=9f67b81.dir/commons-lang=.=9f67b81/Flaky
org.apache.commons.lang3.mutable.MutableShort	/home/dev4nshik/srse-java/commons-lang=.=9f67b81.dir/commons-lang=.=9f67b81/Flaky
org.apache.commons.lang3.mutable.MutableByte	/home/dev4nshik/srse-java/commons-lang=.=9f67b81.dir/commons-lang=.=9f67b81/Flaky
org.apache.maven.plugins.dependency.utils.DependencySilentLog	/home/dev4nshik/srse-java/maven-dependency-plugin=.=7ae0aba.dir/maven-dependency-plugin=.=7ae0aba/Flaky
org.apache.maven.plugins.dependency.exclusion.Coordinates	/home/dev4nshik/srse-java/maven-dependency-plugin=.=7ae0aba.dir/maven-dependency-plugin=.=7ae0aba/Flaky
org.apache.maven.plugins.dependency.fromConfiguration.ProcessArtifactItemsRequest	/home/dev4nshik/srse-java/maven-dependency-plugin=.=7ae0aba.dir/maven-dependency-plugin=.=7ae0aba/Flaky
org.apache.commons.collections4.map.SingletonMap	/home/dev4nshik/srse-java/commons-collections=.=917cdf1.dir/commons-collections=.=917cdf1/Flaky
org.apache.commons.collections4.map.Flat3Map	/home/dev4nshik/srse-java/commons-collections=.=917cdf1.dir/commons-collections=.=917cdf1/Flaky
org.apache.commons.collections4.bidimap.AbstractDualBidiMap	/home/dev4nshik/srse-java/commons-collections=.=917cdf1.dir/commons-collections=.=917cdf1/Flaky
org.bytedeco.javacpp.tools.Info	/home/dev4nshik/srse-java/javacpp=.=2fd35c6.dir/javacpp=.=2fd35c6/Flaky
